scenario_type,scenario,term,beta,hc3_robust_se,z_value,p_value,ci95_beta_low,ci95_beta_high,odds_ratio,or_ci95_low,or_ci95_high,odds_percent_change,p_fdr_bh,significant_raw_0_05,significant_fdr_0_05,average_marginal_effect,ame_se,ame_p_value,ame_ci95_low,ame_ci95_high,n,high_playtime_n,converged
model_specification,without log_review_words,combat,0.0213583904,0.0334834037,0.637879906,0.523551859,-0.04426787493,0.08698465574,1.021588113,0.9566976478,1.090879941,2.158811341,0.523551859,False,False,0.00398512176,0.006266423073,0.5248100512,-0.008296841774,0.01626708529,37457,9366,True
model_specification,without log_review_words,challenge,0.1093909782,0.03656571848,2.991626659,0.002774953982,0.03772348691,0.1810584695,1.11559844,1.03844405,1.198485252,11.55984398,0.004162430974,True,True,0.02074816392,0.007065733045,0.003319935294,0.006899581624,0.03459674621,37457,9366,True
model_specification,without log_review_words,progression,0.3163739281,0.04034767219,7.841194074,4.462820624e-15,0.2372939438,0.3954539125,1.372143243,1.267813729,1.485058124,37.21432426,2.677692375e-14,True,True,0.06241999629,0.008386316381,9.836691407e-14,0.04598311822,0.07885687436,37457,9366,True
model_specification,without log_review_words,exploration,0.1558927326,0.03719016385,4.191773213,2.767826056e-05,0.08300135088,0.2287841143,1.168700833,1.086543276,1.257070626,16.87008329,8.303478169e-05,True,True,0.02983105216,0.007309619217,4.482926055e-05,0.01550446175,0.04415764257,37457,9366,True
model_specification,without log_review_words,narrative,0.07423212939,0.02875193895,2.581812987,0.009828282712,0.01787936456,0.1305848942,1.077056793,1.018040157,1.139494672,7.705679301,0.01179393925,True,True,0.01389558196,0.005414814054,0.01028148086,0.003282741432,0.02450842249,37457,9366,True
model_specification,without log_review_words,immersion,0.1518265656,0.03968507536,3.82578499,0.00013035603,0.07404524721,0.2296078841,1.163958349,1.076855529,1.25810659,16.39583486,0.00026071206,True,True,0.02908072312,0.007814831983,0.0001982612044,0.01376393389,0.04439751236,37457,9366,True
model_specification,review length as cubic spline (df=4),combat,-0.09803006901,0.03487311993,-2.811049576,0.004938017655,-0.1663801281,-0.02968000992,0.9066216421,0.8467243093,0.9707561162,-9.337835787,0.02962810593,True,True,-0.01787904131,0.006266656275,0.004330272919,-0.03016146192,-0.005596620711,37457,9366,True
model_specification,review length as cubic spline (df=4),challenge,-0.01094850157,0.03822870415,-0.2863947867,0.7745757671,-0.08587538488,0.06397838174,0.9891112151,0.9177085845,1.066069352,-1.088878486,0.7745757671,False,False,-0.002021755259,0.007045287382,0.7741386451,-0.01583026479,0.01178675427,37457,9366,True
model_specification,review length as cubic spline (df=4),progression,0.1111863536,0.04516732901,2.461654386,0.01382978624,0.02266001544,0.1997126917,1.117603157,1.022918704,1.221051889,11.76031568,0.04148935871,True,True,0.02102246846,0.008719872064,0.01591456739,0.003931833269,0.03811310366,37457,9366,True
model_specification,review length as cubic spline (df=4),exploration,0.07822619689,0.0379038211,2.063807675,0.03903595509,0.003936072665,0.1525163211,1.081367233,1.003943829,1.164761472,8.136723292,0.07807191018,True,False,0.01468342838,0.007215198384,0.04184390526,0.0005418994097,0.02882495736,37457,9366,True
model_specification,review length as cubic spline (df=4),narrative,-0.05896920823,0.0306196629,-1.925860792,0.0541217583,-0.1189826447,0.001044228271,0.9427357972,0.887823209,1.001044774,-5.726420278,0.08118263745,False,False,-0.01085379361,0.005605289837,0.05282505344,-0.02183995981,0.000132372597,37457,9366,True
model_specification,review length as cubic spline (df=4),immersion,0.04871663639,0.04069949661,1.196983758,0.2313128856,-0.03105291115,0.1284861839,1.049922799,0.9694242784,1.137105711,4.992279867,0.2775754627,False,False,0.009100346074,0.007674450145,0.2357021618,-0.005941299812,0.02414199196,37457,9366,True
influence_sensitivity,exclude top 0.1% Cook's D (38 rows),combat,-0.09356924608,0.03465847927,-2.699750481,0.006939149807,-0.1614986172,-0.02563987494,0.9106749546,0.850867708,0.9746860353,-8.932504543,0.02081744942,True,True,-0.01702581769,0.006218436002,0.006182193756,-0.0292137283,-0.004837907091,37419,9328,True
influence_sensitivity,exclude top 0.1% Cook's D (38 rows),challenge,-0.001409660399,0.03778160847,-0.03731075664,0.9702372289,-0.07546025228,0.07264093148,0.9985913327,0.9273165885,1.075344345,-0.1408667295,0.9702372289,False,False,-0.0002599680389,0.006965872251,0.9702296659,-0.01391282677,0.01339289069,37419,9328,True
influence_sensitivity,exclude top 0.1% Cook's D (38 rows),progression,0.1307960147,0.04298336802,3.042944764,0.00234275331,0.04655016141,0.2150418679,1.139735268,1.047650629,1.239913808,13.97352683,0.01405651986,True,True,0.02474558879,0.008331132927,0.002975526952,0.008416868303,0.04107430928,37419,9328,True
influence_sensitivity,exclude top 0.1% Cook's D (38 rows),exploration,0.0827413951,0.03782050321,2.187739138,0.02868860941,0.008614570936,0.1568682193,1.08626086,1.008651783,1.169841441,8.626085985,0.05737721882,True,False,0.01549602976,0.007188447321,0.0311082518,0.001406931905,0.02958512761,37419,9328,True
influence_sensitivity,exclude top 0.1% Cook's D (38 rows),narrative,-0.05914571197,0.03052554979,-1.937580564,0.05267441565,-0.1189746902,0.0006832662287,0.9425694155,0.8878302713,1.0006835,-5.743058449,0.07901162347,False,False,-0.01085347905,0.005571397896,0.05140646004,-0.02177321827,6.626016709e-05,37419,9328,True
influence_sensitivity,exclude top 0.1% Cook's D (38 rows),immersion,0.05237500968,0.04055491507,1.291458991,0.1965445666,-0.02711116325,0.1318611826,1.053770843,0.9732530455,1.140949925,5.377084269,0.2358534799,False,False,0.009760747898,0.007634256542,0.2010569885,-0.005202119973,0.02472361577,37419,9328,True
